{"cameraMode":{"drawMode":0,"name":"Shaded","section":"Shading Mode"},"sceneLighting":false,"audioPlay":false,"sceneViewState":{"showFog":true,"showMaterialUpdate":false,"showSkybox":true,"showFlares":true,"showImageEffects":true,"showParticleSystems":true},"in2DMode":false,"pivot":{"x":17.969484329223634,"y":-396.87060546875,"z":898.0452270507813},"rotation":{"x":-0.16344454884529115,"y":-0.11455828696489334,"z":0.01911124587059021,"w":-0.9796968698501587},"size":5.203087329864502,"orthographic":false}