{"cameraMode":{"drawMode":0,"name":"Shaded","section":"Shading Mode"},"sceneLighting":false,"audioPlay":false,"sceneViewState":{"showFog":true,"showMaterialUpdate":false,"showSkybox":true,"showFlares":true,"showImageEffects":true,"showParticleSystems":true},"in2DMode":false,"pivot":{"x":-7.527359962463379,"y":3.018965005874634,"z":1.3664641380310059},"rotation":{"x":-0.16344454884529115,"y":-0.11455828696489334,"z":0.01911124587059021,"w":-0.9796968698501587},"size":6.497156620025635,"orthographic":false}